id,accountId,transactionType,transactionMethod,amount,transactionTime,transactionStatus
1,ACC10001,STOCK,BUY,100.5,2025-05-24T10:00:00,PENDING
2,ACC10002,BOND,SELL,200.75,2025-05-24T10:01:00,SUCCESS
3,ACC10003,STOCK,BUY,150.25,2025-05-24T10:02:00,PENDING
4,ACC10004,STOCK,SELL,300,2025-05-24T10:03:00,SUCCESS
5,ACC10005,BOND,BUY,250.1,2025-05-24T10:04:00,PENDING
6,ACC10006,STOCK,BUY,100.5,2025-05-24T10:00:00,PENDING
7,ACC10007,BOND,SELL,200.75,2025-05-24T10:01:00,SUCCESS
8,ACC10008,STOCK,BUY,150.25,2025-05-24T10:02:00,PENDING
9,ACC10009,STOCK,SELL,300,2025-05-24T10:03:00,SUCCESS
10,ACC10010,BOND,BUY,250.1,2025-05-24T10:04:00,PENDING
11,ACC10011,STOCK,BUY,100.5,2025-05-24T10:00:00,PENDING
12,ACC10012,BOND,SELL,200.75,2025-05-24T10:01:00,SUCCESS
13,ACC10013,STOCK,BUY,150.25,2025-05-24T10:02:00,PENDING
14,ACC10014,STOCK,SELL,300,2025-05-24T10:03:00,SUCCESS
15,ACC10015,BOND,BUY,250.1,2025-05-24T10:04:00,PENDING
16,ACC10016,STOCK,BUY,100.5,2025-05-24T10:00:00,PENDING
17,ACC10017,BOND,SELL,200.75,2025-05-24T10:01:00,SUCCESS
18,ACC10018,STOCK,BUY,150.25,2025-05-24T10:02:00,PENDING
19,ACC10019,STOCK,SELL,300,2025-05-24T10:03:00,SUCCESS
20,ACC10020,BOND,BUY,250.1,2025-05-24T10:04:00,PENDING
21,ACC10021,STOCK,BUY,100.5,2025-05-24T10:00:00,PENDING
22,ACC10022,BOND,SELL,200.75,2025-05-24T10:01:00,SUCCESS
23,ACC10023,STOCK,BUY,150.25,2025-05-24T10:02:00,PENDING
24,ACC10024,STOCK,SELL,300,2025-05-24T10:03:00,SUCCESS
25,ACC10025,BOND,BUY,250.1,2025-05-24T10:04:00,PENDING
26,ACC10026,STOCK,BUY,100.5,2025-05-24T10:00:00,PENDING
27,ACC10027,BOND,SELL,200.75,2025-05-24T10:01:00,SUCCESS
28,ACC10028,STOCK,BUY,150.25,2025-05-24T10:02:00,PENDING
29,ACC10029,STOCK,SELL,300,2025-05-24T10:03:00,SUCCESS
30,ACC10030,BOND,BUY,250.1,2025-05-24T10:04:00,PENDING
31,ACC10031,STOCK,BUY,100.5,2025-05-24T10:00:00,PENDING
32,ACC10032,BOND,SELL,200.75,2025-05-24T10:01:00,SUCCESS
33,ACC10033,STOCK,BUY,150.25,2025-05-24T10:02:00,PENDING
34,ACC10034,STOCK,BUY,196.9190341,2025-05-24T10:00:01,PENDING
35,ACC10035,BOND,SELL,196.9853944,2025-05-24T10:01:01,SUCCESS
36,ACC10036,STOCK,BUY,197.0517547,2025-05-24T10:02:01,PENDING
37,ACC10037,STOCK,SELL,197.118115,2025-05-24T10:03:01,SUCCESS
38,ACC10038,BOND,BUY,197.1844753,2025-05-24T10:04:01,PENDING
39,ACC10039,STOCK,BUY,197.2508356,2025-05-24T10:00:01,PENDING
40,ACC10040,BOND,SELL,197.3171959,2025-05-24T10:01:01,SUCCESS
41,ACC10041,STOCK,BUY,197.3835561,2025-05-24T10:02:01,PENDING
42,ACC10042,STOCK,SELL,197.4499164,2025-05-24T10:03:01,SUCCESS
43,ACC10043,BOND,BUY,197.5162767,2025-05-24T10:04:01,PENDING
44,ACC10044,STOCK,BUY,197.582637,2025-05-24T10:00:01,PENDING
45,ACC10045,BOND,SELL,197.6489973,2025-05-24T10:01:01,SUCCESS
46,ACC10046,STOCK,BUY,197.7153576,2025-05-24T10:02:01,PENDING
47,ACC10047,STOCK,SELL,197.7817179,2025-05-24T10:03:01,SUCCESS
48,ACC10048,BOND,BUY,197.8480782,2025-05-24T10:04:01,PENDING
49,ACC10049,STOCK,BUY,197.9144385,2025-05-24T10:00:01,PENDING
50,ACC10050,BOND,SELL,197.9807988,2025-05-24T10:01:01,SUCCESS
51,ACC10051,STOCK,BUY,198.0471591,2025-05-24T10:02:01,PENDING
52,ACC10052,STOCK,SELL,198.1135194,2025-05-24T10:03:01,SUCCESS
53,ACC10053,BOND,BUY,198.1798797,2025-05-24T10:04:01,PENDING
54,ACC10054,STOCK,BUY,198.24624,2025-05-24T10:00:01,PENDING
55,ACC10055,BOND,SELL,198.3126003,2025-05-24T10:01:01,SUCCESS
56,ACC10056,STOCK,BUY,198.3789606,2025-05-24T10:02:01,PENDING
57,ACC10057,STOCK,SELL,198.4453209,2025-05-24T10:03:01,SUCCESS
58,ACC10058,BOND,BUY,198.5116811,2025-05-24T10:04:01,PENDING
59,ACC10059,STOCK,BUY,198.5780414,2025-05-24T10:00:01,PENDING
60,ACC10060,BOND,SELL,198.6444017,2025-05-24T10:01:01,SUCCESS
61,ACC10061,STOCK,BUY,198.710762,2025-05-24T10:02:01,PENDING
62,ACC10062,STOCK,SELL,198.7771223,2025-05-24T10:03:01,SUCCESS
63,ACC10063,BOND,BUY,198.8434826,2025-05-24T10:04:01,PENDING
64,ACC10064,STOCK,BUY,198.9098429,2025-05-24T10:00:01,PENDING
65,ACC10065,BOND,SELL,198.9762032,2025-05-24T10:01:01,SUCCESS
66,ACC10066,STOCK,BUY,199.0425635,2025-05-24T10:02:01,PENDING
67,ACC10067,STOCK,BUY,199.1089238,2025-05-24T10:00:02,PENDING
68,ACC10068,BOND,SELL,199.1752841,2025-05-24T10:01:02,SUCCESS
69,ACC10069,STOCK,BUY,199.2416444,2025-05-24T10:02:02,PENDING
70,ACC10070,STOCK,SELL,199.3080047,2025-05-24T10:03:02,SUCCESS
71,ACC10071,BOND,BUY,199.374365,2025-05-24T10:04:02,PENDING
72,ACC10072,STOCK,BUY,199.4407253,2025-05-24T10:00:02,PENDING
73,ACC10073,BOND,SELL,199.5070856,2025-05-24T10:01:02,SUCCESS
74,ACC10074,STOCK,BUY,199.5734459,2025-05-24T10:02:02,PENDING
75,ACC10075,STOCK,SELL,199.6398061,2025-05-24T10:03:02,SUCCESS
76,ACC10076,BOND,BUY,199.7061664,2025-05-24T10:04:02,PENDING
77,ACC10077,STOCK,BUY,199.7725267,2025-05-24T10:00:02,PENDING
78,ACC10078,BOND,SELL,199.838887,2025-05-24T10:01:02,SUCCESS
79,ACC10079,STOCK,BUY,199.9052473,2025-05-24T10:02:02,PENDING
80,ACC10080,STOCK,SELL,199.9716076,2025-05-24T10:03:02,SUCCESS
81,ACC10081,BOND,BUY,200.0379679,2025-05-24T10:04:02,PENDING
82,ACC10082,STOCK,BUY,200.1043282,2025-05-24T10:00:02,PENDING
83,ACC10083,BOND,SELL,200.1706885,2025-05-24T10:01:02,SUCCESS
84,ACC10084,STOCK,BUY,200.2370488,2025-05-24T10:02:02,PENDING
85,ACC10085,STOCK,SELL,200.3034091,2025-05-24T10:03:02,SUCCESS
86,ACC10086,BOND,BUY,200.3697694,2025-05-24T10:04:02,PENDING
87,ACC10087,STOCK,BUY,200.4361297,2025-05-24T10:00:02,PENDING
88,ACC10088,BOND,SELL,200.50249,2025-05-24T10:01:02,SUCCESS
89,ACC10089,STOCK,BUY,200.5688503,2025-05-24T10:02:02,PENDING
90,ACC10090,STOCK,SELL,200.6352106,2025-05-24T10:03:02,SUCCESS
91,ACC10091,BOND,BUY,200.7015709,2025-05-24T10:04:02,PENDING
92,ACC10092,STOCK,BUY,200.7679311,2025-05-24T10:00:02,PENDING
93,ACC10093,BOND,SELL,200.8342914,2025-05-24T10:01:02,SUCCESS
94,ACC10094,STOCK,BUY,200.9006517,2025-05-24T10:02:02,PENDING
95,ACC10095,STOCK,SELL,200.967012,2025-05-24T10:03:02,SUCCESS
96,ACC10096,BOND,BUY,201.0333723,2025-05-24T10:04:02,PENDING
97,ACC10097,STOCK,BUY,201.0997326,2025-05-24T10:00:02,PENDING
98,ACC10098,BOND,SELL,201.1660929,2025-05-24T10:01:02,SUCCESS
99,ACC10099,STOCK,BUY,201.2324532,2025-05-24T10:02:02,PENDING
100,ACC10100,STOCK,BUY,201.2988135,2025-05-24T10:00:03,PENDING
101,ACC10101,BOND,SELL,201.3651738,2025-05-24T10:01:03,SUCCESS
102,ACC10102,STOCK,BUY,201.4315341,2025-05-24T10:02:03,PENDING
103,ACC10103,STOCK,SELL,201.4978944,2025-05-24T10:03:03,SUCCESS
104,ACC10104,BOND,BUY,201.5642547,2025-05-24T10:04:03,PENDING
105,ACC10105,STOCK,BUY,201.630615,2025-05-24T10:00:03,PENDING
106,ACC10106,BOND,SELL,201.6969753,2025-05-24T10:01:03,SUCCESS
107,ACC10107,STOCK,BUY,201.7633356,2025-05-24T10:02:03,PENDING
108,ACC10108,STOCK,SELL,201.8296959,2025-05-24T10:03:03,SUCCESS
109,ACC10109,BOND,BUY,201.8960561,2025-05-24T10:04:03,PENDING
110,ACC10110,STOCK,BUY,201.9624164,2025-05-24T10:00:03,PENDING
111,ACC10111,BOND,SELL,202.0287767,2025-05-24T10:01:03,SUCCESS
112,ACC10112,STOCK,BUY,202.095137,2025-05-24T10:02:03,PENDING
113,ACC10113,STOCK,SELL,202.1614973,2025-05-24T10:03:03,SUCCESS
114,ACC10114,BOND,BUY,202.2278576,2025-05-24T10:04:03,PENDING
115,ACC10115,STOCK,BUY,202.2942179,2025-05-24T10:00:03,PENDING
116,ACC10116,BOND,SELL,202.3605782,2025-05-24T10:01:03,SUCCESS
117,ACC10117,STOCK,BUY,202.4269385,2025-05-24T10:02:03,PENDING
118,ACC10118,STOCK,SELL,202.4932988,2025-05-24T10:03:03,SUCCESS
119,ACC10119,BOND,BUY,202.5596591,2025-05-24T10:04:03,PENDING
120,ACC10120,STOCK,BUY,202.6260194,2025-05-24T10:00:03,PENDING
121,ACC10121,BOND,SELL,202.6923797,2025-05-24T10:01:03,SUCCESS
122,ACC10122,STOCK,BUY,202.75874,2025-05-24T10:02:03,PENDING
123,ACC10123,STOCK,SELL,202.8251003,2025-05-24T10:03:03,SUCCESS
124,ACC10124,BOND,BUY,202.8914606,2025-05-24T10:04:03,PENDING
125,ACC10125,STOCK,BUY,202.9578209,2025-05-24T10:00:03,PENDING
126,ACC10126,BOND,SELL,203.0241811,2025-05-24T10:01:03,SUCCESS
127,ACC10127,STOCK,BUY,203.0905414,2025-05-24T10:02:03,PENDING
128,ACC10128,STOCK,SELL,203.1569017,2025-05-24T10:03:03,SUCCESS
129,ACC10129,BOND,BUY,203.223262,2025-05-24T10:04:03,PENDING
130,ACC10130,STOCK,BUY,203.2896223,2025-05-24T10:00:03,PENDING
131,ACC10131,BOND,SELL,203.3559826,2025-05-24T10:01:03,SUCCESS
132,ACC10132,STOCK,BUY,203.4223429,2025-05-24T10:02:03,PENDING
133,ACC10133,STOCK,BUY,203.4887032,2025-05-24T10:00:04,PENDING
134,ACC10134,BOND,SELL,203.5550635,2025-05-24T10:01:04,SUCCESS
135,ACC10135,STOCK,BUY,203.6214238,2025-05-24T10:02:04,PENDING
136,ACC10136,STOCK,SELL,203.6877841,2025-05-24T10:03:04,SUCCESS
137,ACC10137,BOND,BUY,203.7541444,2025-05-24T10:04:04,PENDING
138,ACC10138,STOCK,BUY,203.8205047,2025-05-24T10:00:04,PENDING
139,ACC10139,BOND,SELL,203.886865,2025-05-24T10:01:04,SUCCESS
140,ACC10140,STOCK,BUY,203.9532253,2025-05-24T10:02:04,PENDING
141,ACC10141,STOCK,SELL,204.0195856,2025-05-24T10:03:04,SUCCESS
142,ACC10142,BOND,BUY,204.0859459,2025-05-24T10:04:04,PENDING
143,ACC10143,STOCK,BUY,204.1523061,2025-05-24T10:00:04,PENDING
144,ACC10144,BOND,SELL,204.2186664,2025-05-24T10:01:04,SUCCESS
145,ACC10145,STOCK,BUY,204.2850267,2025-05-24T10:02:04,PENDING
146,ACC10146,STOCK,SELL,204.351387,2025-05-24T10:03:04,SUCCESS
147,ACC10147,BOND,BUY,204.4177473,2025-05-24T10:04:04,PENDING
148,ACC10148,STOCK,BUY,204.4841076,2025-05-24T10:00:04,PENDING
149,ACC10149,BOND,SELL,204.5504679,2025-05-24T10:01:04,SUCCESS
150,ACC10150,STOCK,BUY,204.6168282,2025-05-24T10:02:04,PENDING
151,ACC10151,STOCK,SELL,204.6831885,2025-05-24T10:03:04,SUCCESS
152,ACC10152,BOND,BUY,204.7495488,2025-05-24T10:04:04,PENDING
153,ACC10153,STOCK,BUY,204.8159091,2025-05-24T10:00:04,PENDING
154,ACC10154,BOND,SELL,204.8822694,2025-05-24T10:01:04,SUCCESS
155,ACC10155,STOCK,BUY,204.9486297,2025-05-24T10:02:04,PENDING
156,ACC10156,STOCK,SELL,205.01499,2025-05-24T10:03:04,SUCCESS
157,ACC10157,BOND,BUY,205.0813503,2025-05-24T10:04:04,PENDING
158,ACC10158,STOCK,BUY,205.1477106,2025-05-24T10:00:04,PENDING
159,ACC10159,BOND,SELL,205.2140709,2025-05-24T10:01:04,SUCCESS
160,ACC10160,STOCK,BUY,205.2804311,2025-05-24T10:02:04,PENDING
161,ACC10161,STOCK,SELL,205.3467914,2025-05-24T10:03:04,SUCCESS
162,ACC10162,BOND,BUY,205.4131517,2025-05-24T10:04:04,PENDING
163,ACC10163,STOCK,BUY,205.479512,2025-05-24T10:00:04,PENDING
164,ACC10164,BOND,SELL,205.5458723,2025-05-24T10:01:04,SUCCESS
165,ACC10165,STOCK,BUY,205.6122326,2025-05-24T10:02:04,PENDING
166,ACC10166,STOCK,BUY,205.6785929,2025-05-24T10:00:05,PENDING
167,ACC10167,BOND,SELL,205.7449532,2025-05-24T10:01:05,SUCCESS
168,ACC10168,STOCK,BUY,205.8113135,2025-05-24T10:02:05,PENDING
169,ACC10169,STOCK,SELL,205.8776738,2025-05-24T10:03:05,SUCCESS
170,ACC10170,BOND,BUY,205.9440341,2025-05-24T10:04:05,PENDING
171,ACC10171,STOCK,BUY,206.0103944,2025-05-24T10:00:05,PENDING
172,ACC10172,BOND,SELL,206.0767547,2025-05-24T10:01:05,SUCCESS
173,ACC10173,STOCK,BUY,206.143115,2025-05-24T10:02:05,PENDING
174,ACC10174,STOCK,SELL,206.2094753,2025-05-24T10:03:05,SUCCESS
175,ACC10175,BOND,BUY,206.2758356,2025-05-24T10:04:05,PENDING
176,ACC10176,STOCK,BUY,206.3421959,2025-05-24T10:00:05,PENDING
177,ACC10177,BOND,SELL,206.4085561,2025-05-24T10:01:05,SUCCESS
178,ACC10178,STOCK,BUY,206.4749164,2025-05-24T10:02:05,PENDING
179,ACC10179,STOCK,SELL,206.5412767,2025-05-24T10:03:05,SUCCESS
180,ACC10180,BOND,BUY,206.607637,2025-05-24T10:04:05,PENDING
181,ACC10181,STOCK,BUY,206.6739973,2025-05-24T10:00:05,PENDING
182,ACC10182,BOND,SELL,206.7403576,2025-05-24T10:01:05,SUCCESS
183,ACC10183,STOCK,BUY,206.8067179,2025-05-24T10:02:05,PENDING
184,ACC10184,STOCK,SELL,206.8730782,2025-05-24T10:03:05,SUCCESS
185,ACC10185,BOND,BUY,206.9394385,2025-05-24T10:04:05,PENDING
186,ACC10186,STOCK,BUY,207.0057988,2025-05-24T10:00:05,PENDING
187,ACC10187,BOND,SELL,207.0721591,2025-05-24T10:01:05,SUCCESS
188,ACC10188,STOCK,BUY,207.1385194,2025-05-24T10:02:05,PENDING
189,ACC10189,STOCK,SELL,207.2048797,2025-05-24T10:03:05,SUCCESS
190,ACC10190,BOND,BUY,207.27124,2025-05-24T10:04:05,PENDING
191,ACC10191,STOCK,BUY,207.3376003,2025-05-24T10:00:05,PENDING
192,ACC10192,BOND,SELL,207.4039606,2025-05-24T10:01:05,SUCCESS
193,ACC10193,STOCK,BUY,207.4703209,2025-05-24T10:02:05,PENDING
194,ACC10194,STOCK,SELL,207.5366811,2025-05-24T10:03:05,SUCCESS
195,ACC10195,BOND,BUY,207.6030414,2025-05-24T10:04:05,PENDING
196,ACC10196,STOCK,BUY,207.6694017,2025-05-24T10:00:05,PENDING
197,ACC10197,BOND,SELL,207.735762,2025-05-24T10:01:05,SUCCESS
198,ACC10198,STOCK,BUY,207.8021223,2025-05-24T10:02:05,PENDING
199,ACC10199,STOCK,BUY,207.8684826,2025-05-24T10:00:06,PENDING
200,ACC10200,BOND,SELL,207.9348429,2025-05-24T10:01:06,SUCCESS
201,ACC10201,STOCK,BUY,208.0012032,2025-05-24T10:02:06,PENDING
202,ACC10202,STOCK,SELL,208.0675635,2025-05-24T10:03:06,SUCCESS
203,ACC10203,BOND,BUY,208.1339238,2025-05-24T10:04:06,PENDING
204,ACC10204,STOCK,BUY,208.2002841,2025-05-24T10:00:06,PENDING
205,ACC10205,BOND,SELL,208.2666444,2025-05-24T10:01:06,SUCCESS
206,ACC10206,STOCK,BUY,208.3330047,2025-05-24T10:02:06,PENDING
207,ACC10207,STOCK,SELL,208.399365,2025-05-24T10:03:06,SUCCESS
208,ACC10208,BOND,BUY,208.4657253,2025-05-24T10:04:06,PENDING
209,ACC10209,STOCK,BUY,208.5320856,2025-05-24T10:00:06,PENDING
210,ACC10210,BOND,SELL,208.5984459,2025-05-24T10:01:06,SUCCESS
211,ACC10211,STOCK,BUY,208.6648061,2025-05-24T10:02:06,PENDING
212,ACC10212,STOCK,SELL,208.7311664,2025-05-24T10:03:06,SUCCESS
213,ACC10213,BOND,BUY,208.7975267,2025-05-24T10:04:06,PENDING
214,ACC10214,STOCK,BUY,208.863887,2025-05-24T10:00:06,PENDING
215,ACC10215,BOND,SELL,208.9302473,2025-05-24T10:01:06,SUCCESS
216,ACC10216,STOCK,BUY,208.9966076,2025-05-24T10:02:06,PENDING
217,ACC10217,STOCK,SELL,209.0629679,2025-05-24T10:03:06,SUCCESS
218,ACC10218,BOND,BUY,209.1293282,2025-05-24T10:04:06,PENDING
219,ACC10219,STOCK,BUY,209.1956885,2025-05-24T10:00:06,PENDING
220,ACC10220,BOND,SELL,209.2620488,2025-05-24T10:01:06,SUCCESS
221,ACC10221,STOCK,BUY,209.3284091,2025-05-24T10:02:06,PENDING
222,ACC10222,STOCK,SELL,209.3947694,2025-05-24T10:03:06,SUCCESS
223,ACC10223,BOND,BUY,209.4611297,2025-05-24T10:04:06,PENDING
224,ACC10224,STOCK,BUY,209.52749,2025-05-24T10:00:06,PENDING
225,ACC10225,BOND,SELL,209.5938503,2025-05-24T10:01:06,SUCCESS
226,ACC10226,STOCK,BUY,209.6602106,2025-05-24T10:02:06,PENDING
227,ACC10227,STOCK,SELL,209.7265709,2025-05-24T10:03:06,SUCCESS
228,ACC10228,BOND,BUY,209.7929311,2025-05-24T10:04:06,PENDING
229,ACC10229,STOCK,BUY,209.8592914,2025-05-24T10:00:06,PENDING
230,ACC10230,BOND,SELL,209.9256517,2025-05-24T10:01:06,SUCCESS
231,ACC10231,STOCK,BUY,209.992012,2025-05-24T10:02:06,PENDING
232,ACC10232,STOCK,BUY,210.0583723,2025-05-24T10:00:07,PENDING
233,ACC10233,BOND,SELL,210.1247326,2025-05-24T10:01:07,SUCCESS
234,ACC10234,STOCK,BUY,210.1910929,2025-05-24T10:02:07,PENDING
235,ACC10235,STOCK,SELL,210.2574532,2025-05-24T10:03:07,SUCCESS
236,ACC10236,BOND,BUY,210.3238135,2025-05-24T10:04:07,PENDING
237,ACC10237,STOCK,BUY,210.3901738,2025-05-24T10:00:07,PENDING
238,ACC10238,BOND,SELL,210.4565341,2025-05-24T10:01:07,SUCCESS
239,ACC10239,STOCK,BUY,210.5228944,2025-05-24T10:02:07,PENDING
240,ACC10240,STOCK,SELL,210.5892547,2025-05-24T10:03:07,SUCCESS
241,ACC10241,BOND,BUY,210.655615,2025-05-24T10:04:07,PENDING
242,ACC10242,STOCK,BUY,210.7219753,2025-05-24T10:00:07,PENDING
243,ACC10243,BOND,SELL,210.7883356,2025-05-24T10:01:07,SUCCESS
244,ACC10244,STOCK,BUY,210.8546959,2025-05-24T10:02:07,PENDING
245,ACC10245,STOCK,SELL,210.9210561,2025-05-24T10:03:07,SUCCESS
246,ACC10246,BOND,BUY,210.9874164,2025-05-24T10:04:07,PENDING
247,ACC10247,STOCK,BUY,211.0537767,2025-05-24T10:00:07,PENDING
248,ACC10248,BOND,SELL,211.120137,2025-05-24T10:01:07,SUCCESS
249,ACC10249,STOCK,BUY,211.1864973,2025-05-24T10:02:07,PENDING
250,ACC10250,STOCK,SELL,211.2528576,2025-05-24T10:03:07,SUCCESS
251,ACC10251,BOND,BUY,211.3192179,2025-05-24T10:04:07,PENDING
252,ACC10252,STOCK,BUY,211.3855782,2025-05-24T10:00:07,PENDING
253,ACC10253,BOND,SELL,211.4519385,2025-05-24T10:01:07,SUCCESS
254,ACC10254,STOCK,BUY,211.5182988,2025-05-24T10:02:07,PENDING
255,ACC10255,STOCK,SELL,211.5846591,2025-05-24T10:03:07,SUCCESS
256,ACC10256,BOND,BUY,211.6510194,2025-05-24T10:04:07,PENDING
257,ACC10257,STOCK,BUY,211.7173797,2025-05-24T10:00:07,PENDING
258,ACC10258,BOND,SELL,211.78374,2025-05-24T10:01:07,SUCCESS
259,ACC10259,STOCK,BUY,211.8501003,2025-05-24T10:02:07,PENDING
260,ACC10260,STOCK,SELL,211.9164606,2025-05-24T10:03:07,SUCCESS
261,ACC10261,BOND,BUY,211.9828209,2025-05-24T10:04:07,PENDING
262,ACC10262,STOCK,BUY,212.0491811,2025-05-24T10:00:07,PENDING
263,ACC10263,BOND,SELL,212.1155414,2025-05-24T10:01:07,SUCCESS
264,ACC10264,STOCK,BUY,212.1819017,2025-05-24T10:02:07,PENDING
265,ACC10265,STOCK,BUY,212.248262,2025-05-24T10:00:08,PENDING
266,ACC10266,BOND,SELL,212.3146223,2025-05-24T10:01:08,SUCCESS
267,ACC10267,STOCK,BUY,212.3809826,2025-05-24T10:02:08,PENDING
268,ACC10268,STOCK,SELL,212.4473429,2025-05-24T10:03:08,SUCCESS
269,ACC10269,BOND,BUY,212.5137032,2025-05-24T10:04:08,PENDING
270,ACC10270,STOCK,BUY,212.5800635,2025-05-24T10:00:08,PENDING
271,ACC10271,BOND,SELL,212.6464238,2025-05-24T10:01:08,SUCCESS
272,ACC10272,STOCK,BUY,212.7127841,2025-05-24T10:02:08,PENDING
273,ACC10273,STOCK,SELL,212.7791444,2025-05-24T10:03:08,SUCCESS
274,ACC10274,BOND,BUY,212.8455047,2025-05-24T10:04:08,PENDING
275,ACC10275,STOCK,BUY,212.911865,2025-05-24T10:00:08,PENDING
276,ACC10276,BOND,SELL,212.9782253,2025-05-24T10:01:08,SUCCESS
277,ACC10277,STOCK,BUY,213.0445856,2025-05-24T10:02:08,PENDING
278,ACC10278,STOCK,SELL,213.1109459,2025-05-24T10:03:08,SUCCESS
279,ACC10279,BOND,BUY,213.1773061,2025-05-24T10:04:08,PENDING
280,ACC10280,STOCK,BUY,213.2436664,2025-05-24T10:00:08,PENDING
281,ACC10281,BOND,SELL,213.3100267,2025-05-24T10:01:08,SUCCESS
282,ACC10282,STOCK,BUY,213.376387,2025-05-24T10:02:08,PENDING
283,ACC10283,STOCK,SELL,213.4427473,2025-05-24T10:03:08,SUCCESS
284,ACC10284,BOND,BUY,213.5091076,2025-05-24T10:04:08,PENDING
285,ACC10285,STOCK,BUY,213.5754679,2025-05-24T10:00:08,PENDING
286,ACC10286,BOND,SELL,213.6418282,2025-05-24T10:01:08,SUCCESS
287,ACC10287,STOCK,BUY,213.7081885,2025-05-24T10:02:08,PENDING
288,ACC10288,STOCK,SELL,213.7745488,2025-05-24T10:03:08,SUCCESS
289,ACC10289,BOND,BUY,213.8409091,2025-05-24T10:04:08,PENDING
290,ACC10290,STOCK,BUY,213.9072694,2025-05-24T10:00:08,PENDING
291,ACC10291,BOND,SELL,213.9736297,2025-05-24T10:01:08,SUCCESS
292,ACC10292,STOCK,BUY,214.03999,2025-05-24T10:02:08,PENDING
293,ACC10293,STOCK,SELL,214.1063503,2025-05-24T10:03:08,SUCCESS
294,ACC10294,BOND,BUY,214.1727106,2025-05-24T10:04:08,PENDING
295,ACC10295,STOCK,BUY,214.2390709,2025-05-24T10:00:08,PENDING
296,ACC10296,BOND,SELL,214.3054311,2025-05-24T10:01:08,SUCCESS
297,ACC10297,STOCK,BUY,214.3717914,2025-05-24T10:02:08,PENDING
298,ACC10298,STOCK,BUY,214.4381517,2025-05-24T10:00:09,PENDING
299,ACC10299,BOND,SELL,214.504512,2025-05-24T10:01:09,SUCCESS
300,ACC10300,STOCK,BUY,214.5708723,2025-05-24T10:02:09,PENDING
301,ACC10301,STOCK,SELL,214.6372326,2025-05-24T10:03:09,SUCCESS
302,ACC10302,BOND,BUY,214.7035929,2025-05-24T10:04:09,PENDING
303,ACC10303,STOCK,BUY,214.7699532,2025-05-24T10:00:09,PENDING
304,ACC10304,BOND,SELL,214.8363135,2025-05-24T10:01:09,SUCCESS
305,ACC10305,STOCK,BUY,214.9026738,2025-05-24T10:02:09,PENDING
306,ACC10306,STOCK,SELL,214.9690341,2025-05-24T10:03:09,SUCCESS
307,ACC10307,BOND,BUY,215.0353944,2025-05-24T10:04:09,PENDING
308,ACC10308,STOCK,BUY,215.1017547,2025-05-24T10:00:09,PENDING
309,ACC10309,BOND,SELL,215.168115,2025-05-24T10:01:09,SUCCESS
310,ACC10310,STOCK,BUY,215.2344753,2025-05-24T10:02:09,PENDING
311,ACC10311,STOCK,SELL,215.3008356,2025-05-24T10:03:09,SUCCESS
312,ACC10312,BOND,BUY,215.3671959,2025-05-24T10:04:09,PENDING
313,ACC10313,STOCK,BUY,215.4335561,2025-05-24T10:00:09,PENDING
314,ACC10314,BOND,SELL,215.4999164,2025-05-24T10:01:09,SUCCESS
315,ACC10315,STOCK,BUY,215.5662767,2025-05-24T10:02:09,PENDING
316,ACC10316,STOCK,SELL,215.632637,2025-05-24T10:03:09,SUCCESS
317,ACC10317,BOND,BUY,215.6989973,2025-05-24T10:04:09,PENDING
318,ACC10318,STOCK,BUY,215.7653576,2025-05-24T10:00:09,PENDING
319,ACC10319,BOND,SELL,215.8317179,2025-05-24T10:01:09,SUCCESS
320,ACC10320,STOCK,BUY,215.8980782,2025-05-24T10:02:09,PENDING
321,ACC10321,STOCK,SELL,215.9644385,2025-05-24T10:03:09,SUCCESS
322,ACC10322,BOND,BUY,216.0307988,2025-05-24T10:04:09,PENDING
323,ACC10323,STOCK,BUY,216.0971591,2025-05-24T10:00:09,PENDING
324,ACC10324,BOND,SELL,216.1635194,2025-05-24T10:01:09,SUCCESS
325,ACC10325,STOCK,BUY,216.2298797,2025-05-24T10:02:09,PENDING
326,ACC10326,STOCK,SELL,216.29624,2025-05-24T10:03:09,SUCCESS
327,ACC10327,BOND,BUY,216.3626003,2025-05-24T10:04:09,PENDING
328,ACC10328,STOCK,BUY,216.4289606,2025-05-24T10:00:09,PENDING
329,ACC10329,BOND,SELL,216.4953209,2025-05-24T10:01:09,SUCCESS
330,ACC10330,STOCK,BUY,216.5616811,2025-05-24T10:02:09,PENDING
331,ACC10331,STOCK,BUY,216.6280414,2025-05-24T10:00:10,PENDING
332,ACC10332,BOND,SELL,216.6944017,2025-05-24T10:01:10,SUCCESS
333,ACC10333,STOCK,BUY,216.760762,2025-05-24T10:02:10,PENDING
334,ACC10334,STOCK,SELL,216.8271223,2025-05-24T10:03:10,SUCCESS
335,ACC10335,BOND,BUY,216.8934826,2025-05-24T10:04:10,PENDING
336,ACC10336,STOCK,BUY,216.9598429,2025-05-24T10:00:10,PENDING
337,ACC10337,BOND,SELL,217.0262032,2025-05-24T10:01:10,SUCCESS
338,ACC10338,STOCK,BUY,217.0925635,2025-05-24T10:02:10,PENDING
339,ACC10339,STOCK,SELL,217.1589238,2025-05-24T10:03:10,SUCCESS
340,ACC10340,BOND,BUY,217.2252841,2025-05-24T10:04:10,PENDING
341,ACC10341,STOCK,BUY,217.2916444,2025-05-24T10:00:10,PENDING
342,ACC10342,BOND,SELL,217.3580047,2025-05-24T10:01:10,SUCCESS
343,ACC10343,STOCK,BUY,217.424365,2025-05-24T10:02:10,PENDING
344,ACC10344,STOCK,SELL,217.4907253,2025-05-24T10:03:10,SUCCESS
345,ACC10345,BOND,BUY,217.5570856,2025-05-24T10:04:10,PENDING
346,ACC10346,STOCK,BUY,217.6234459,2025-05-24T10:00:10,PENDING
347,ACC10347,BOND,SELL,217.6898061,2025-05-24T10:01:10,SUCCESS
348,ACC10348,STOCK,BUY,217.7561664,2025-05-24T10:02:10,PENDING
349,ACC10349,STOCK,SELL,217.8225267,2025-05-24T10:03:10,SUCCESS
350,ACC10350,BOND,BUY,217.888887,2025-05-24T10:04:10,PENDING
351,ACC10351,STOCK,BUY,217.9552473,2025-05-24T10:00:10,PENDING
352,ACC10352,BOND,SELL,218.0216076,2025-05-24T10:01:10,SUCCESS
353,ACC10353,STOCK,BUY,218.0879679,2025-05-24T10:02:10,PENDING
354,ACC10354,STOCK,SELL,218.1543282,2025-05-24T10:03:10,SUCCESS
355,ACC10355,BOND,BUY,218.2206885,2025-05-24T10:04:10,PENDING
356,ACC10356,STOCK,BUY,218.2870488,2025-05-24T10:00:10,PENDING
357,ACC10357,BOND,SELL,218.3534091,2025-05-24T10:01:10,SUCCESS
358,ACC10358,STOCK,BUY,218.4197694,2025-05-24T10:02:10,PENDING
359,ACC10359,STOCK,SELL,218.4861297,2025-05-24T10:03:10,SUCCESS
360,ACC10360,BOND,BUY,218.55249,2025-05-24T10:04:10,PENDING
361,ACC10361,STOCK,BUY,218.6188503,2025-05-24T10:00:10,PENDING
362,ACC10362,BOND,SELL,218.6852106,2025-05-24T10:01:10,SUCCESS
363,ACC10363,STOCK,BUY,218.7515709,2025-05-24T10:02:10,PENDING
364,ACC10364,STOCK,BUY,218.8179311,2025-05-24T10:00:11,PENDING
365,ACC10365,BOND,SELL,218.8842914,2025-05-24T10:01:11,SUCCESS
366,ACC10366,STOCK,BUY,218.9506517,2025-05-24T10:02:11,PENDING
367,ACC10367,STOCK,SELL,219.017012,2025-05-24T10:03:11,SUCCESS
368,ACC10368,BOND,BUY,219.0833723,2025-05-24T10:04:11,PENDING
369,ACC10369,STOCK,BUY,219.1497326,2025-05-24T10:00:11,PENDING
370,ACC10370,BOND,SELL,219.2160929,2025-05-24T10:01:11,SUCCESS
371,ACC10371,STOCK,BUY,219.2824532,2025-05-24T10:02:11,PENDING
372,ACC10372,STOCK,SELL,219.3488135,2025-05-24T10:03:11,SUCCESS
373,ACC10373,BOND,BUY,219.4151738,2025-05-24T10:04:11,PENDING
374,ACC10374,STOCK,BUY,219.4815341,2025-05-24T10:00:11,PENDING
375,ACC10375,BOND,SELL,219.5478944,2025-05-24T10:01:11,SUCCESS
376,ACC10376,STOCK,BUY,219.6142547,2025-05-24T10:02:11,PENDING
377,ACC10377,STOCK,SELL,219.680615,2025-05-24T10:03:11,SUCCESS
378,ACC10378,BOND,BUY,219.7469753,2025-05-24T10:04:11,PENDING
379,ACC10379,STOCK,BUY,219.8133356,2025-05-24T10:00:11,PENDING
380,ACC10380,BOND,SELL,219.8796959,2025-05-24T10:01:11,SUCCESS
381,ACC10381,STOCK,BUY,219.9460561,2025-05-24T10:02:11,PENDING
382,ACC10382,STOCK,SELL,220.0124164,2025-05-24T10:03:11,SUCCESS
383,ACC10383,BOND,BUY,220.0787767,2025-05-24T10:04:11,PENDING
384,ACC10384,STOCK,BUY,220.145137,2025-05-24T10:00:11,PENDING
385,ACC10385,BOND,SELL,220.2114973,2025-05-24T10:01:11,SUCCESS
386,ACC10386,STOCK,BUY,220.2778576,2025-05-24T10:02:11,PENDING
387,ACC10387,STOCK,SELL,220.3442179,2025-05-24T10:03:11,SUCCESS
388,ACC10388,BOND,BUY,220.4105782,2025-05-24T10:04:11,PENDING
389,ACC10389,STOCK,BUY,220.4769385,2025-05-24T10:00:11,PENDING
390,ACC10390,BOND,SELL,220.5432988,2025-05-24T10:01:11,SUCCESS
391,ACC10391,STOCK,BUY,220.6096591,2025-05-24T10:02:11,PENDING
392,ACC10392,STOCK,SELL,220.6760194,2025-05-24T10:03:11,SUCCESS
393,ACC10393,BOND,BUY,220.7423797,2025-05-24T10:04:11,PENDING
394,ACC10394,STOCK,BUY,220.80874,2025-05-24T10:00:11,PENDING
395,ACC10395,BOND,SELL,220.8751003,2025-05-24T10:01:11,SUCCESS
396,ACC10396,STOCK,BUY,220.9414606,2025-05-24T10:02:11,PENDING
397,ACC10397,STOCK,BUY,221.0078209,2025-05-24T10:00:12,PENDING
398,ACC10398,BOND,SELL,221.0741811,2025-05-24T10:01:12,SUCCESS
399,ACC10399,STOCK,BUY,221.1405414,2025-05-24T10:02:12,PENDING
400,ACC10400,STOCK,SELL,221.2069017,2025-05-24T10:03:12,SUCCESS
401,ACC10401,BOND,BUY,221.273262,2025-05-24T10:04:12,PENDING
402,ACC10402,STOCK,BUY,221.3396223,2025-05-24T10:00:12,PENDING
403,ACC10403,BOND,SELL,221.4059826,2025-05-24T10:01:12,SUCCESS
404,ACC10404,STOCK,BUY,221.4723429,2025-05-24T10:02:12,PENDING
405,ACC10405,STOCK,SELL,221.5387032,2025-05-24T10:03:12,SUCCESS
406,ACC10406,BOND,BUY,221.6050635,2025-05-24T10:04:12,PENDING
407,ACC10407,STOCK,BUY,221.6714238,2025-05-24T10:00:12,PENDING
408,ACC10408,BOND,SELL,221.7377841,2025-05-24T10:01:12,SUCCESS
409,ACC10409,STOCK,BUY,221.8041444,2025-05-24T10:02:12,PENDING
410,ACC10410,STOCK,SELL,221.8705047,2025-05-24T10:03:12,SUCCESS
411,ACC10411,BOND,BUY,221.936865,2025-05-24T10:04:12,PENDING
412,ACC10412,STOCK,BUY,222.0032253,2025-05-24T10:00:12,PENDING
413,ACC10413,BOND,SELL,222.0695856,2025-05-24T10:01:12,SUCCESS
414,ACC10414,STOCK,BUY,222.1359459,2025-05-24T10:02:12,PENDING
415,ACC10415,STOCK,SELL,222.2023061,2025-05-24T10:03:12,SUCCESS
416,ACC10416,BOND,BUY,222.2686664,2025-05-24T10:04:12,PENDING
417,ACC10417,STOCK,BUY,222.3350267,2025-05-24T10:00:12,PENDING
418,ACC10418,BOND,SELL,222.401387,2025-05-24T10:01:12,SUCCESS
419,ACC10419,STOCK,BUY,222.4677473,2025-05-24T10:02:12,PENDING
420,ACC10420,STOCK,SELL,222.5341076,2025-05-24T10:03:12,SUCCESS
421,ACC10421,BOND,BUY,222.6004679,2025-05-24T10:04:12,PENDING
422,ACC10422,STOCK,BUY,222.6668282,2025-05-24T10:00:12,PENDING
423,ACC10423,BOND,SELL,222.7331885,2025-05-24T10:01:12,SUCCESS
424,ACC10424,STOCK,BUY,222.7995488,2025-05-24T10:02:12,PENDING
425,ACC10425,STOCK,SELL,222.8659091,2025-05-24T10:03:12,SUCCESS
426,ACC10426,BOND,BUY,222.9322694,2025-05-24T10:04:12,PENDING
427,ACC10427,STOCK,BUY,222.9986297,2025-05-24T10:00:12,PENDING
428,ACC10428,BOND,SELL,223.06499,2025-05-24T10:01:12,SUCCESS
429,ACC10429,STOCK,BUY,223.1313503,2025-05-24T10:02:12,PENDING
430,ACC10430,STOCK,BUY,223.1977106,2025-05-24T10:00:13,PENDING
431,ACC10431,BOND,SELL,223.2640709,2025-05-24T10:01:13,SUCCESS
432,ACC10432,STOCK,BUY,223.3304311,2025-05-24T10:02:13,PENDING
433,ACC10433,STOCK,SELL,223.3967914,2025-05-24T10:03:13,SUCCESS
434,ACC10434,BOND,BUY,223.4631517,2025-05-24T10:04:13,PENDING
435,ACC10435,STOCK,BUY,223.529512,2025-05-24T10:00:13,PENDING
436,ACC10436,BOND,SELL,223.5958723,2025-05-24T10:01:13,SUCCESS
437,ACC10437,STOCK,BUY,223.6622326,2025-05-24T10:02:13,PENDING
438,ACC10438,STOCK,SELL,223.7285929,2025-05-24T10:03:13,SUCCESS
439,ACC10439,BOND,BUY,223.7949532,2025-05-24T10:04:13,PENDING
440,ACC10440,STOCK,BUY,223.8613135,2025-05-24T10:00:13,PENDING
441,ACC10441,BOND,SELL,223.9276738,2025-05-24T10:01:13,SUCCESS
442,ACC10442,STOCK,BUY,223.9940341,2025-05-24T10:02:13,PENDING
443,ACC10443,STOCK,SELL,224.0603944,2025-05-24T10:03:13,SUCCESS
444,ACC10444,BOND,BUY,224.1267547,2025-05-24T10:04:13,PENDING
445,ACC10445,STOCK,BUY,224.193115,2025-05-24T10:00:13,PENDING
446,ACC10446,BOND,SELL,224.2594753,2025-05-24T10:01:13,SUCCESS
447,ACC10447,STOCK,BUY,224.3258356,2025-05-24T10:02:13,PENDING
448,ACC10448,STOCK,SELL,224.3921959,2025-05-24T10:03:13,SUCCESS
449,ACC10449,BOND,BUY,224.4585561,2025-05-24T10:04:13,PENDING
450,ACC10450,STOCK,BUY,224.5249164,2025-05-24T10:00:13,PENDING
451,ACC10451,BOND,SELL,224.5912767,2025-05-24T10:01:13,SUCCESS
452,ACC10452,STOCK,BUY,224.657637,2025-05-24T10:02:13,PENDING
453,ACC10453,STOCK,SELL,224.7239973,2025-05-24T10:03:13,SUCCESS
454,ACC10454,BOND,BUY,224.7903576,2025-05-24T10:04:13,PENDING
455,ACC10455,STOCK,BUY,224.8567179,2025-05-24T10:00:13,PENDING
456,ACC10456,BOND,SELL,224.9230782,2025-05-24T10:01:13,SUCCESS
457,ACC10457,STOCK,BUY,224.9894385,2025-05-24T10:02:13,PENDING
458,ACC10458,STOCK,SELL,225.0557988,2025-05-24T10:03:13,SUCCESS
459,ACC10459,BOND,BUY,225.1221591,2025-05-24T10:04:13,PENDING
460,ACC10460,STOCK,BUY,225.1885194,2025-05-24T10:00:13,PENDING
461,ACC10461,BOND,SELL,225.2548797,2025-05-24T10:01:13,SUCCESS
462,ACC10462,STOCK,BUY,225.32124,2025-05-24T10:02:13,PENDING
463,ACC10463,STOCK,BUY,225.3876003,2025-05-24T10:00:14,PENDING
464,ACC10464,BOND,SELL,225.4539606,2025-05-24T10:01:14,SUCCESS
465,ACC10465,STOCK,BUY,225.5203209,2025-05-24T10:02:14,PENDING
466,ACC10466,STOCK,SELL,225.5866811,2025-05-24T10:03:14,SUCCESS
467,ACC10467,BOND,BUY,225.6530414,2025-05-24T10:04:14,PENDING
468,ACC10468,STOCK,BUY,225.7194017,2025-05-24T10:00:14,PENDING
469,ACC10469,BOND,SELL,225.785762,2025-05-24T10:01:14,SUCCESS
470,ACC10470,STOCK,BUY,225.8521223,2025-05-24T10:02:14,PENDING
471,ACC10471,STOCK,SELL,225.9184826,2025-05-24T10:03:14,SUCCESS
472,ACC10472,BOND,BUY,225.9848429,2025-05-24T10:04:14,PENDING
473,ACC10473,STOCK,BUY,226.0512032,2025-05-24T10:00:14,PENDING
474,ACC10474,BOND,SELL,226.1175635,2025-05-24T10:01:14,SUCCESS
475,ACC10475,STOCK,BUY,226.1839238,2025-05-24T10:02:14,PENDING
476,ACC10476,STOCK,SELL,226.2502841,2025-05-24T10:03:14,SUCCESS
477,ACC10477,BOND,BUY,226.3166444,2025-05-24T10:04:14,PENDING
478,ACC10478,STOCK,BUY,226.3830047,2025-05-24T10:00:14,PENDING
479,ACC10479,BOND,SELL,226.449365,2025-05-24T10:01:14,SUCCESS
480,ACC10480,STOCK,BUY,226.5157253,2025-05-24T10:02:14,PENDING
481,ACC10481,STOCK,SELL,226.5820856,2025-05-24T10:03:14,SUCCESS
482,ACC10482,BOND,BUY,226.6484459,2025-05-24T10:04:14,PENDING
483,ACC10483,STOCK,BUY,226.7148061,2025-05-24T10:00:14,PENDING
484,ACC10484,BOND,SELL,226.7811664,2025-05-24T10:01:14,SUCCESS
485,ACC10485,STOCK,BUY,226.8475267,2025-05-24T10:02:14,PENDING
486,ACC10486,STOCK,SELL,226.913887,2025-05-24T10:03:14,SUCCESS
487,ACC10487,BOND,BUY,226.9802473,2025-05-24T10:04:14,PENDING
488,ACC10488,STOCK,BUY,227.0466076,2025-05-24T10:00:14,PENDING
489,ACC10489,BOND,SELL,227.1129679,2025-05-24T10:01:14,SUCCESS
490,ACC10490,STOCK,BUY,227.1793282,2025-05-24T10:02:14,PENDING
491,ACC10491,STOCK,SELL,227.2456885,2025-05-24T10:03:14,SUCCESS
492,ACC10492,BOND,BUY,227.3120488,2025-05-24T10:04:14,PENDING
493,ACC10493,STOCK,BUY,227.3784091,2025-05-24T10:00:14,PENDING
494,ACC10494,BOND,SELL,227.4447694,2025-05-24T10:01:14,SUCCESS
495,ACC10495,STOCK,BUY,227.5111297,2025-05-24T10:02:14,PENDING
496,ACC10496,STOCK,BUY,227.57749,2025-05-24T10:00:15,PENDING
497,ACC10497,BOND,SELL,227.6438503,2025-05-24T10:01:15,SUCCESS
498,ACC10498,STOCK,BUY,227.7102106,2025-05-24T10:02:15,PENDING
499,ACC10499,STOCK,SELL,227.7765709,2025-05-24T10:03:15,SUCCESS
500,ACC10500,BOND,BUY,227.8429311,2025-05-24T10:04:15,PENDING
501,ACC10501,STOCK,BUY,227.9092914,2025-05-24T10:00:15,PENDING
502,ACC10502,BOND,SELL,227.9756517,2025-05-24T10:01:15,SUCCESS
503,ACC10503,STOCK,BUY,228.042012,2025-05-24T10:02:15,PENDING
504,ACC10504,STOCK,SELL,228.1083723,2025-05-24T10:03:15,SUCCESS
505,ACC10505,BOND,BUY,228.1747326,2025-05-24T10:04:15,PENDING
506,ACC10506,STOCK,BUY,228.2410929,2025-05-24T10:00:15,PENDING
507,ACC10507,BOND,SELL,228.3074532,2025-05-24T10:01:15,SUCCESS
508,ACC10508,STOCK,BUY,228.3738135,2025-05-24T10:02:15,PENDING
509,ACC10509,STOCK,SELL,228.4401738,2025-05-24T10:03:15,SUCCESS
510,ACC10510,BOND,BUY,228.5065341,2025-05-24T10:04:15,PENDING
511,ACC10511,STOCK,BUY,228.5728944,2025-05-24T10:00:15,PENDING
512,ACC10512,BOND,SELL,228.6392547,2025-05-24T10:01:15,SUCCESS
513,ACC10513,STOCK,BUY,228.705615,2025-05-24T10:02:15,PENDING
514,ACC10514,STOCK,SELL,228.7719753,2025-05-24T10:03:15,SUCCESS
515,ACC10515,BOND,BUY,228.8383356,2025-05-24T10:04:15,PENDING
516,ACC10516,STOCK,BUY,228.9046959,2025-05-24T10:00:15,PENDING
517,ACC10517,BOND,SELL,228.9710561,2025-05-24T10:01:15,SUCCESS
518,ACC10518,STOCK,BUY,229.0374164,2025-05-24T10:02:15,PENDING
519,ACC10519,STOCK,SELL,229.1037767,2025-05-24T10:03:15,SUCCESS
520,ACC10520,BOND,BUY,229.170137,2025-05-24T10:04:15,PENDING
521,ACC10521,STOCK,BUY,229.2364973,2025-05-24T10:00:15,PENDING
522,ACC10522,BOND,SELL,229.3028576,2025-05-24T10:01:15,SUCCESS
523,ACC10523,STOCK,BUY,229.3692179,2025-05-24T10:02:15,PENDING
524,ACC10524,STOCK,SELL,229.4355782,2025-05-24T10:03:15,SUCCESS
525,ACC10525,BOND,BUY,229.5019385,2025-05-24T10:04:15,PENDING
526,ACC10526,STOCK,BUY,229.5682988,2025-05-24T10:00:15,PENDING
527,ACC10527,BOND,SELL,229.6346591,2025-05-24T10:01:15,SUCCESS
528,ACC10528,STOCK,BUY,229.7010194,2025-05-24T10:02:15,PENDING
529,ACC10529,STOCK,BUY,229.7673797,2025-05-24T10:00:16,PENDING
530,ACC10530,BOND,SELL,229.83374,2025-05-24T10:01:16,SUCCESS
531,ACC10531,STOCK,BUY,229.9001003,2025-05-24T10:02:16,PENDING
532,ACC10532,STOCK,SELL,229.9664606,2025-05-24T10:03:16,SUCCESS
533,ACC10533,BOND,BUY,230.0328209,2025-05-24T10:04:16,PENDING
534,ACC10534,STOCK,BUY,230.0991811,2025-05-24T10:00:16,PENDING
535,ACC10535,BOND,SELL,230.1655414,2025-05-24T10:01:16,SUCCESS
536,ACC10536,STOCK,BUY,230.2319017,2025-05-24T10:02:16,PENDING
537,ACC10537,STOCK,SELL,230.298262,2025-05-24T10:03:16,SUCCESS
538,ACC10538,BOND,BUY,230.3646223,2025-05-24T10:04:16,PENDING
539,ACC10539,STOCK,BUY,230.4309826,2025-05-24T10:00:16,PENDING
540,ACC10540,BOND,SELL,230.4973429,2025-05-24T10:01:16,SUCCESS
541,ACC10541,STOCK,BUY,230.5637032,2025-05-24T10:02:16,PENDING
542,ACC10542,STOCK,SELL,230.6300635,2025-05-24T10:03:16,SUCCESS
543,ACC10543,BOND,BUY,230.6964238,2025-05-24T10:04:16,PENDING
544,ACC10544,STOCK,BUY,230.7627841,2025-05-24T10:00:16,PENDING
545,ACC10545,BOND,SELL,230.8291444,2025-05-24T10:01:16,SUCCESS
546,ACC10546,STOCK,BUY,230.8955047,2025-05-24T10:02:16,PENDING
547,ACC10547,STOCK,SELL,230.961865,2025-05-24T10:03:16,SUCCESS
548,ACC10548,BOND,BUY,231.0282253,2025-05-24T10:04:16,PENDING
549,ACC10549,STOCK,BUY,231.0945856,2025-05-24T10:00:16,PENDING
550,ACC10550,BOND,SELL,231.1609459,2025-05-24T10:01:16,SUCCESS
551,ACC10551,STOCK,BUY,231.2273061,2025-05-24T10:02:16,PENDING
552,ACC10552,STOCK,SELL,231.2936664,2025-05-24T10:03:16,SUCCESS
553,ACC10553,BOND,BUY,231.3600267,2025-05-24T10:04:16,PENDING
554,ACC10554,STOCK,BUY,231.426387,2025-05-24T10:00:16,PENDING
555,ACC10555,BOND,SELL,231.4927473,2025-05-24T10:01:16,SUCCESS
556,ACC10556,STOCK,BUY,231.5591076,2025-05-24T10:02:16,PENDING
557,ACC10557,STOCK,SELL,231.6254679,2025-05-24T10:03:16,SUCCESS
558,ACC10558,BOND,BUY,231.6918282,2025-05-24T10:04:16,PENDING
559,ACC10559,STOCK,BUY,231.7581885,2025-05-24T10:00:16,PENDING
560,ACC10560,BOND,SELL,231.8245488,2025-05-24T10:01:16,SUCCESS
561,ACC10561,STOCK,BUY,231.8909091,2025-05-24T10:02:16,PENDING
562,ACC10562,STOCK,BUY,231.9572694,2025-05-24T10:00:17,PENDING
563,ACC10563,BOND,SELL,232.0236297,2025-05-24T10:01:17,SUCCESS
564,ACC10564,STOCK,BUY,232.08999,2025-05-24T10:02:17,PENDING
565,ACC10565,STOCK,SELL,232.1563503,2025-05-24T10:03:17,SUCCESS
566,ACC10566,BOND,BUY,232.2227106,2025-05-24T10:04:17,PENDING
567,ACC10567,STOCK,BUY,232.2890709,2025-05-24T10:00:17,PENDING
568,ACC10568,BOND,SELL,232.3554311,2025-05-24T10:01:17,SUCCESS
569,ACC10569,STOCK,BUY,232.4217914,2025-05-24T10:02:17,PENDING
570,ACC10570,STOCK,SELL,232.4881517,2025-05-24T10:03:17,SUCCESS
571,ACC10571,BOND,BUY,232.554512,2025-05-24T10:04:17,PENDING
572,ACC10572,STOCK,BUY,232.6208723,2025-05-24T10:00:17,PENDING
573,ACC10573,BOND,SELL,232.6872326,2025-05-24T10:01:17,SUCCESS
574,ACC10574,STOCK,BUY,232.7535929,2025-05-24T10:02:17,PENDING
575,ACC10575,STOCK,SELL,232.8199532,2025-05-24T10:03:17,SUCCESS
576,ACC10576,BOND,BUY,232.8863135,2025-05-24T10:04:17,PENDING
577,ACC10577,STOCK,BUY,232.9526738,2025-05-24T10:00:17,PENDING
578,ACC10578,BOND,SELL,233.0190341,2025-05-24T10:01:17,SUCCESS
579,ACC10579,STOCK,BUY,233.0853944,2025-05-24T10:02:17,PENDING
580,ACC10580,STOCK,SELL,233.1517547,2025-05-24T10:03:17,SUCCESS
581,ACC10581,BOND,BUY,233.218115,2025-05-24T10:04:17,PENDING
582,ACC10582,STOCK,BUY,233.2844753,2025-05-24T10:00:17,PENDING
583,ACC10583,BOND,SELL,233.3508356,2025-05-24T10:01:17,SUCCESS
584,ACC10584,STOCK,BUY,233.4171959,2025-05-24T10:02:17,PENDING
585,ACC10585,STOCK,SELL,233.4835561,2025-05-24T10:03:17,SUCCESS
586,ACC10586,BOND,BUY,233.5499164,2025-05-24T10:04:17,PENDING
587,ACC10587,STOCK,BUY,233.6162767,2025-05-24T10:00:17,PENDING
588,ACC10588,BOND,SELL,233.682637,2025-05-24T10:01:17,SUCCESS
589,ACC10589,STOCK,BUY,233.7489973,2025-05-24T10:02:17,PENDING
590,ACC10590,STOCK,SELL,233.8153576,2025-05-24T10:03:17,SUCCESS
591,ACC10591,BOND,BUY,233.8817179,2025-05-24T10:04:17,PENDING
592,ACC10592,STOCK,BUY,233.9480782,2025-05-24T10:00:17,PENDING
593,ACC10593,BOND,SELL,234.0144385,2025-05-24T10:01:17,SUCCESS
594,ACC10594,STOCK,BUY,234.0807988,2025-05-24T10:02:17,PENDING
595,ACC10595,STOCK,BUY,234.1471591,2025-05-24T10:00:18,PENDING
596,ACC10596,BOND,SELL,234.2135194,2025-05-24T10:01:18,SUCCESS
597,ACC10597,STOCK,BUY,234.2798797,2025-05-24T10:02:18,PENDING
598,ACC10598,STOCK,SELL,234.34624,2025-05-24T10:03:18,SUCCESS
599,ACC10599,BOND,BUY,234.4126003,2025-05-24T10:04:18,PENDING
600,ACC10600,STOCK,BUY,234.4789606,2025-05-24T10:00:18,PENDING
601,ACC10601,BOND,SELL,234.5453209,2025-05-24T10:01:18,SUCCESS
602,ACC10602,STOCK,BUY,234.6116811,2025-05-24T10:02:18,PENDING
603,ACC10603,STOCK,SELL,234.6780414,2025-05-24T10:03:18,SUCCESS
604,ACC10604,BOND,BUY,234.7444017,2025-05-24T10:04:18,PENDING
605,ACC10605,STOCK,BUY,234.810762,2025-05-24T10:00:18,PENDING
606,ACC10606,BOND,SELL,234.8771223,2025-05-24T10:01:18,SUCCESS
607,ACC10607,STOCK,BUY,234.9434826,2025-05-24T10:02:18,PENDING
608,ACC10608,STOCK,SELL,235.0098429,2025-05-24T10:03:18,SUCCESS
609,ACC10609,BOND,BUY,235.0762032,2025-05-24T10:04:18,PENDING
610,ACC10610,STOCK,BUY,235.1425635,2025-05-24T10:00:18,PENDING
611,ACC10611,BOND,SELL,235.2089238,2025-05-24T10:01:18,SUCCESS
612,ACC10612,STOCK,BUY,235.2752841,2025-05-24T10:02:18,PENDING
613,ACC10613,STOCK,SELL,235.3416444,2025-05-24T10:03:18,SUCCESS
614,ACC10614,BOND,BUY,235.4080047,2025-05-24T10:04:18,PENDING
615,ACC10615,STOCK,BUY,235.474365,2025-05-24T10:00:18,PENDING
616,ACC10616,BOND,SELL,235.5407253,2025-05-24T10:01:18,SUCCESS
617,ACC10617,STOCK,BUY,235.6070856,2025-05-24T10:02:18,PENDING
618,ACC10618,STOCK,SELL,235.6734459,2025-05-24T10:03:18,SUCCESS
619,ACC10619,BOND,BUY,235.7398061,2025-05-24T10:04:18,PENDING
620,ACC10620,STOCK,BUY,235.8061664,2025-05-24T10:00:18,PENDING
621,ACC10621,BOND,SELL,235.8725267,2025-05-24T10:01:18,SUCCESS
622,ACC10622,STOCK,BUY,235.938887,2025-05-24T10:02:18,PENDING
623,ACC10623,STOCK,SELL,236.0052473,2025-05-24T10:03:18,SUCCESS
624,ACC10624,BOND,BUY,236.0716076,2025-05-24T10:04:18,PENDING
625,ACC10625,STOCK,BUY,236.1379679,2025-05-24T10:00:18,PENDING
626,ACC10626,BOND,SELL,236.2043282,2025-05-24T10:01:18,SUCCESS
627,ACC10627,STOCK,BUY,236.2706885,2025-05-24T10:02:18,PENDING
628,ACC10628,STOCK,BUY,236.3370488,2025-05-24T10:00:19,PENDING
629,ACC10629,BOND,SELL,236.4034091,2025-05-24T10:01:19,SUCCESS
630,ACC10630,STOCK,BUY,236.4697694,2025-05-24T10:02:19,PENDING
631,ACC10631,STOCK,SELL,236.5361297,2025-05-24T10:03:19,SUCCESS
632,ACC10632,BOND,BUY,236.60249,2025-05-24T10:04:19,PENDING
633,ACC10633,STOCK,BUY,236.6688503,2025-05-24T10:00:19,PENDING
634,ACC10634,BOND,SELL,236.7352106,2025-05-24T10:01:19,SUCCESS
635,ACC10635,STOCK,BUY,236.8015709,2025-05-24T10:02:19,PENDING
636,ACC10636,STOCK,SELL,236.8679311,2025-05-24T10:03:19,SUCCESS
637,ACC10637,BOND,BUY,236.9342914,2025-05-24T10:04:19,PENDING
638,ACC10638,STOCK,BUY,237.0006517,2025-05-24T10:00:19,PENDING
639,ACC10639,BOND,SELL,237.067012,2025-05-24T10:01:19,SUCCESS
640,ACC10640,STOCK,BUY,237.1333723,2025-05-24T10:02:19,PENDING
641,ACC10641,STOCK,SELL,237.1997326,2025-05-24T10:03:19,SUCCESS
642,ACC10642,BOND,BUY,237.2660929,2025-05-24T10:04:19,PENDING
643,ACC10643,STOCK,BUY,237.3324532,2025-05-24T10:00:19,PENDING
644,ACC10644,BOND,SELL,237.3988135,2025-05-24T10:01:19,SUCCESS
645,ACC10645,STOCK,BUY,237.4651738,2025-05-24T10:02:19,PENDING
646,ACC10646,STOCK,SELL,237.5315341,2025-05-24T10:03:19,SUCCESS
647,ACC10647,BOND,BUY,237.5978944,2025-05-24T10:04:19,PENDING
648,ACC10648,STOCK,BUY,237.6642547,2025-05-24T10:00:19,PENDING
649,ACC10649,BOND,SELL,237.730615,2025-05-24T10:01:19,SUCCESS
650,ACC10650,STOCK,BUY,237.7969753,2025-05-24T10:02:19,PENDING
651,ACC10651,STOCK,SELL,237.8633356,2025-05-24T10:03:19,SUCCESS
652,ACC10652,BOND,BUY,237.9296959,2025-05-24T10:04:19,PENDING
653,ACC10653,STOCK,BUY,237.9960561,2025-05-24T10:00:19,PENDING
654,ACC10654,BOND,SELL,238.0624164,2025-05-24T10:01:19,SUCCESS
655,ACC10655,STOCK,BUY,238.1287767,2025-05-24T10:02:19,PENDING
656,ACC10656,STOCK,SELL,238.195137,2025-05-24T10:03:19,SUCCESS
657,ACC10657,BOND,BUY,238.2614973,2025-05-24T10:04:19,PENDING
658,ACC10658,STOCK,BUY,238.3278576,2025-05-24T10:00:19,PENDING
659,ACC10659,BOND,SELL,238.3942179,2025-05-24T10:01:19,SUCCESS
660,ACC10660,STOCK,BUY,238.4605782,2025-05-24T10:02:19,PENDING
661,ACC10661,STOCK,BUY,238.5269385,2025-05-24T10:00:20,PENDING
662,ACC10662,BOND,SELL,238.5932988,2025-05-24T10:01:20,SUCCESS
663,ACC10663,STOCK,BUY,238.6596591,2025-05-24T10:02:20,PENDING
664,ACC10664,STOCK,SELL,238.7260194,2025-05-24T10:03:20,SUCCESS
665,ACC10665,BOND,BUY,238.7923797,2025-05-24T10:04:20,PENDING
666,ACC10666,STOCK,BUY,238.85874,2025-05-24T10:00:20,PENDING
667,ACC10667,BOND,SELL,238.9251003,2025-05-24T10:01:20,SUCCESS
668,ACC10668,STOCK,BUY,238.9914606,2025-05-24T10:02:20,PENDING
669,ACC10669,STOCK,SELL,239.0578209,2025-05-24T10:03:20,SUCCESS
670,ACC10670,BOND,BUY,239.1241811,2025-05-24T10:04:20,PENDING
671,ACC10671,STOCK,BUY,239.1905414,2025-05-24T10:00:20,PENDING
672,ACC10672,BOND,SELL,239.2569017,2025-05-24T10:01:20,SUCCESS
673,ACC10673,STOCK,BUY,239.323262,2025-05-24T10:02:20,PENDING
674,ACC10674,STOCK,SELL,239.3896223,2025-05-24T10:03:20,SUCCESS
675,ACC10675,BOND,BUY,239.4559826,2025-05-24T10:04:20,PENDING
676,ACC10676,STOCK,BUY,239.5223429,2025-05-24T10:00:20,PENDING
677,ACC10677,BOND,SELL,239.5887032,2025-05-24T10:01:20,SUCCESS
678,ACC10678,STOCK,BUY,239.6550635,2025-05-24T10:02:20,PENDING
679,ACC10679,STOCK,SELL,239.7214238,2025-05-24T10:03:20,SUCCESS
680,ACC10680,BOND,BUY,239.7877841,2025-05-24T10:04:20,PENDING
681,ACC10681,STOCK,BUY,239.8541444,2025-05-24T10:00:20,PENDING
682,ACC10682,BOND,SELL,239.9205047,2025-05-24T10:01:20,SUCCESS
683,ACC10683,STOCK,BUY,239.986865,2025-05-24T10:02:20,PENDING
684,ACC10684,STOCK,SELL,240.0532253,2025-05-24T10:03:20,SUCCESS
685,ACC10685,BOND,BUY,240.1195856,2025-05-24T10:04:20,PENDING
686,ACC10686,STOCK,BUY,240.1859459,2025-05-24T10:00:20,PENDING
687,ACC10687,BOND,SELL,240.2523061,2025-05-24T10:01:20,SUCCESS
688,ACC10688,STOCK,BUY,240.3186664,2025-05-24T10:02:20,PENDING
689,ACC10689,STOCK,SELL,240.3850267,2025-05-24T10:03:20,SUCCESS
690,ACC10690,BOND,BUY,240.451387,2025-05-24T10:04:20,PENDING
691,ACC10691,STOCK,BUY,240.5177473,2025-05-24T10:00:20,PENDING
692,ACC10692,BOND,SELL,240.5841076,2025-05-24T10:01:20,SUCCESS
693,ACC10693,STOCK,BUY,240.6504679,2025-05-24T10:02:20,PENDING
694,ACC10694,STOCK,BUY,240.7168282,2025-05-24T10:00:21,PENDING
695,ACC10695,BOND,SELL,240.7831885,2025-05-24T10:01:21,SUCCESS
696,ACC10696,STOCK,BUY,240.8495488,2025-05-24T10:02:21,PENDING
697,ACC10697,STOCK,SELL,240.9159091,2025-05-24T10:03:21,SUCCESS
698,ACC10698,BOND,BUY,240.9822694,2025-05-24T10:04:21,PENDING
699,ACC10699,STOCK,BUY,241.0486297,2025-05-24T10:00:21,PENDING
700,ACC10700,BOND,SELL,241.11499,2025-05-24T10:01:21,SUCCESS
701,ACC10701,STOCK,BUY,241.1813503,2025-05-24T10:02:21,PENDING
702,ACC10702,STOCK,SELL,241.2477106,2025-05-24T10:03:21,SUCCESS
703,ACC10703,BOND,BUY,241.3140709,2025-05-24T10:04:21,PENDING
704,ACC10704,STOCK,BUY,241.3804311,2025-05-24T10:00:21,PENDING
705,ACC10705,BOND,SELL,241.4467914,2025-05-24T10:01:21,SUCCESS
706,ACC10706,STOCK,BUY,241.5131517,2025-05-24T10:02:21,PENDING
707,ACC10707,STOCK,SELL,241.579512,2025-05-24T10:03:21,SUCCESS
708,ACC10708,BOND,BUY,241.6458723,2025-05-24T10:04:21,PENDING
709,ACC10709,STOCK,BUY,241.7122326,2025-05-24T10:00:21,PENDING
710,ACC10710,BOND,SELL,241.7785929,2025-05-24T10:01:21,SUCCESS
711,ACC10711,STOCK,BUY,241.8449532,2025-05-24T10:02:21,PENDING
712,ACC10712,STOCK,SELL,241.9113135,2025-05-24T10:03:21,SUCCESS
713,ACC10713,BOND,BUY,241.9776738,2025-05-24T10:04:21,PENDING
714,ACC10714,STOCK,BUY,242.0440341,2025-05-24T10:00:21,PENDING
715,ACC10715,BOND,SELL,242.1103944,2025-05-24T10:01:21,SUCCESS
716,ACC10716,STOCK,BUY,242.1767547,2025-05-24T10:02:21,PENDING
717,ACC10717,STOCK,SELL,242.243115,2025-05-24T10:03:21,SUCCESS
718,ACC10718,BOND,BUY,242.3094753,2025-05-24T10:04:21,PENDING
719,ACC10719,STOCK,BUY,242.3758356,2025-05-24T10:00:21,PENDING
720,ACC10720,BOND,SELL,242.4421959,2025-05-24T10:01:21,SUCCESS
721,ACC10721,STOCK,BUY,242.5085561,2025-05-24T10:02:21,PENDING
722,ACC10722,STOCK,SELL,242.5749164,2025-05-24T10:03:21,SUCCESS
723,ACC10723,BOND,BUY,242.6412767,2025-05-24T10:04:21,PENDING
724,ACC10724,STOCK,BUY,242.707637,2025-05-24T10:00:21,PENDING
725,ACC10725,BOND,SELL,242.7739973,2025-05-24T10:01:21,SUCCESS
726,ACC10726,STOCK,BUY,242.8403576,2025-05-24T10:02:21,PENDING
727,ACC10727,STOCK,BUY,242.9067179,2025-05-24T10:00:22,PENDING
728,ACC10728,BOND,SELL,242.9730782,2025-05-24T10:01:22,SUCCESS
729,ACC10729,STOCK,BUY,243.0394385,2025-05-24T10:02:22,PENDING
730,ACC10730,STOCK,SELL,243.1057988,2025-05-24T10:03:22,SUCCESS
731,ACC10731,BOND,BUY,243.1721591,2025-05-24T10:04:22,PENDING
732,ACC10732,STOCK,BUY,243.2385194,2025-05-24T10:00:22,PENDING
733,ACC10733,BOND,SELL,243.3048797,2025-05-24T10:01:22,SUCCESS
734,ACC10734,STOCK,BUY,243.37124,2025-05-24T10:02:22,PENDING
735,ACC10735,STOCK,SELL,243.4376003,2025-05-24T10:03:22,SUCCESS
736,ACC10736,BOND,BUY,243.5039606,2025-05-24T10:04:22,PENDING
737,ACC10737,STOCK,BUY,243.5703209,2025-05-24T10:00:22,PENDING
738,ACC10738,BOND,SELL,243.6366811,2025-05-24T10:01:22,SUCCESS
739,ACC10739,STOCK,BUY,243.7030414,2025-05-24T10:02:22,PENDING
740,ACC10740,STOCK,SELL,243.7694017,2025-05-24T10:03:22,SUCCESS
741,ACC10741,BOND,BUY,243.835762,2025-05-24T10:04:22,PENDING
742,ACC10742,STOCK,BUY,243.9021223,2025-05-24T10:00:22,PENDING
743,ACC10743,BOND,SELL,243.9684826,2025-05-24T10:01:22,SUCCESS
744,ACC10744,STOCK,BUY,244.0348429,2025-05-24T10:02:22,PENDING
745,ACC10745,STOCK,SELL,244.1012032,2025-05-24T10:03:22,SUCCESS
746,ACC10746,BOND,BUY,244.1675635,2025-05-24T10:04:22,PENDING
747,ACC10747,STOCK,BUY,244.2339238,2025-05-24T10:00:22,PENDING
748,ACC10748,BOND,SELL,244.3002841,2025-05-24T10:01:22,SUCCESS
749,ACC10749,STOCK,BUY,244.3666444,2025-05-24T10:02:22,PENDING
750,ACC10750,STOCK,SELL,244.4330047,2025-05-24T10:03:22,SUCCESS
751,ACC10751,BOND,BUY,244.499365,2025-05-24T10:04:22,PENDING
752,ACC10752,STOCK,BUY,244.5657253,2025-05-24T10:00:22,PENDING
753,ACC10753,BOND,SELL,244.6320856,2025-05-24T10:01:22,SUCCESS
754,ACC10754,STOCK,BUY,244.6984459,2025-05-24T10:02:22,PENDING
755,ACC10755,STOCK,SELL,244.7648061,2025-05-24T10:03:22,SUCCESS
756,ACC10756,BOND,BUY,244.8311664,2025-05-24T10:04:22,PENDING
757,ACC10757,STOCK,BUY,244.8975267,2025-05-24T10:00:22,PENDING
758,ACC10758,BOND,SELL,244.963887,2025-05-24T10:01:22,SUCCESS
759,ACC10759,STOCK,BUY,245.0302473,2025-05-24T10:02:22,PENDING
760,ACC10760,STOCK,BUY,245.0966076,2025-05-24T10:00:23,PENDING
761,ACC10761,BOND,SELL,245.1629679,2025-05-24T10:01:23,SUCCESS
762,ACC10762,STOCK,BUY,245.2293282,2025-05-24T10:02:23,PENDING
763,ACC10763,STOCK,SELL,245.2956885,2025-05-24T10:03:23,SUCCESS
764,ACC10764,BOND,BUY,245.3620488,2025-05-24T10:04:23,PENDING
765,ACC10765,STOCK,BUY,245.4284091,2025-05-24T10:00:23,PENDING
766,ACC10766,BOND,SELL,245.4947694,2025-05-24T10:01:23,SUCCESS
767,ACC10767,STOCK,BUY,245.5611297,2025-05-24T10:02:23,PENDING
768,ACC10768,STOCK,SELL,245.62749,2025-05-24T10:03:23,SUCCESS
769,ACC10769,BOND,BUY,245.6938503,2025-05-24T10:04:23,PENDING
770,ACC10770,STOCK,BUY,245.7602106,2025-05-24T10:00:23,PENDING
771,ACC10771,BOND,SELL,245.8265709,2025-05-24T10:01:23,SUCCESS
772,ACC10772,STOCK,BUY,245.8929311,2025-05-24T10:02:23,PENDING
773,ACC10773,STOCK,SELL,245.9592914,2025-05-24T10:03:23,SUCCESS
774,ACC10774,BOND,BUY,246.0256517,2025-05-24T10:04:23,PENDING
775,ACC10775,STOCK,BUY,246.092012,2025-05-24T10:00:23,PENDING
776,ACC10776,BOND,SELL,246.1583723,2025-05-24T10:01:23,SUCCESS
777,ACC10777,STOCK,BUY,246.2247326,2025-05-24T10:02:23,PENDING
778,ACC10778,STOCK,SELL,246.2910929,2025-05-24T10:03:23,SUCCESS
779,ACC10779,BOND,BUY,246.3574532,2025-05-24T10:04:23,PENDING
780,ACC10780,STOCK,BUY,246.4238135,2025-05-24T10:00:23,PENDING
781,ACC10781,BOND,SELL,246.4901738,2025-05-24T10:01:23,SUCCESS
782,ACC10782,STOCK,BUY,246.5565341,2025-05-24T10:02:23,PENDING
783,ACC10783,STOCK,SELL,246.6228944,2025-05-24T10:03:23,SUCCESS
784,ACC10784,BOND,BUY,246.6892547,2025-05-24T10:04:23,PENDING
785,ACC10785,STOCK,BUY,246.755615,2025-05-24T10:00:23,PENDING
786,ACC10786,BOND,SELL,246.8219753,2025-05-24T10:01:23,SUCCESS
787,ACC10787,STOCK,BUY,246.8883356,2025-05-24T10:02:23,PENDING
788,ACC10788,STOCK,SELL,246.9546959,2025-05-24T10:03:23,SUCCESS
789,ACC10789,BOND,BUY,247.0210561,2025-05-24T10:04:23,PENDING
790,ACC10790,STOCK,BUY,247.0874164,2025-05-24T10:00:23,PENDING
791,ACC10791,BOND,SELL,247.1537767,2025-05-24T10:01:23,SUCCESS
792,ACC10792,STOCK,BUY,247.220137,2025-05-24T10:02:23,PENDING
793,ACC10793,STOCK,BUY,247.2864973,2025-05-24T10:00:24,PENDING
794,ACC10794,BOND,SELL,247.3528576,2025-05-24T10:01:24,SUCCESS
795,ACC10795,STOCK,BUY,247.4192179,2025-05-24T10:02:24,PENDING
796,ACC10796,STOCK,SELL,247.4855782,2025-05-24T10:03:24,SUCCESS
797,ACC10797,BOND,BUY,247.5519385,2025-05-24T10:04:24,PENDING
798,ACC10798,STOCK,BUY,247.6182988,2025-05-24T10:00:24,PENDING
799,ACC10799,BOND,SELL,247.6846591,2025-05-24T10:01:24,SUCCESS
800,ACC10800,STOCK,BUY,247.7510194,2025-05-24T10:02:24,PENDING
801,ACC10801,STOCK,SELL,247.8173797,2025-05-24T10:03:24,SUCCESS
802,ACC10802,BOND,BUY,247.88374,2025-05-24T10:04:24,PENDING
803,ACC10803,STOCK,BUY,247.9501003,2025-05-24T10:00:24,PENDING
804,ACC10804,BOND,SELL,248.0164606,2025-05-24T10:01:24,SUCCESS
805,ACC10805,STOCK,BUY,248.0828209,2025-05-24T10:02:24,PENDING
806,ACC10806,STOCK,SELL,248.1491811,2025-05-24T10:03:24,SUCCESS
807,ACC10807,BOND,BUY,248.2155414,2025-05-24T10:04:24,PENDING
808,ACC10808,STOCK,BUY,248.2819017,2025-05-24T10:00:24,PENDING
809,ACC10809,BOND,SELL,248.348262,2025-05-24T10:01:24,SUCCESS
810,ACC10810,STOCK,BUY,248.4146223,2025-05-24T10:02:24,PENDING
811,ACC10811,STOCK,SELL,248.4809826,2025-05-24T10:03:24,SUCCESS
812,ACC10812,BOND,BUY,248.5473429,2025-05-24T10:04:24,PENDING
813,ACC10813,STOCK,BUY,248.6137032,2025-05-24T10:00:24,PENDING
814,ACC10814,BOND,SELL,248.6800635,2025-05-24T10:01:24,SUCCESS
815,ACC10815,STOCK,BUY,248.7464238,2025-05-24T10:02:24,PENDING
816,ACC10816,STOCK,SELL,248.8127841,2025-05-24T10:03:24,SUCCESS
817,ACC10817,BOND,BUY,248.8791444,2025-05-24T10:04:24,PENDING
818,ACC10818,STOCK,BUY,248.9455047,2025-05-24T10:00:24,PENDING
819,ACC10819,BOND,SELL,249.011865,2025-05-24T10:01:24,SUCCESS
820,ACC10820,STOCK,BUY,249.0782253,2025-05-24T10:02:24,PENDING
821,ACC10821,STOCK,SELL,249.1445856,2025-05-24T10:03:24,SUCCESS
822,ACC10822,BOND,BUY,249.2109459,2025-05-24T10:04:24,PENDING
823,ACC10823,STOCK,BUY,249.2773061,2025-05-24T10:00:24,PENDING
824,ACC10824,BOND,SELL,249.3436664,2025-05-24T10:01:24,SUCCESS
825,ACC10825,STOCK,BUY,249.4100267,2025-05-24T10:02:24,PENDING
826,ACC10826,STOCK,BUY,249.476387,2025-05-24T10:00:25,PENDING
827,ACC10827,BOND,SELL,249.5427473,2025-05-24T10:01:25,SUCCESS
828,ACC10828,STOCK,BUY,249.6091076,2025-05-24T10:02:25,PENDING
829,ACC10829,STOCK,SELL,249.6754679,2025-05-24T10:03:25,SUCCESS
830,ACC10830,BOND,BUY,249.7418282,2025-05-24T10:04:25,PENDING
831,ACC10831,STOCK,BUY,249.8081885,2025-05-24T10:00:25,PENDING
832,ACC10832,BOND,SELL,249.8745488,2025-05-24T10:01:25,SUCCESS
833,ACC10833,STOCK,BUY,249.9409091,2025-05-24T10:02:25,PENDING
834,ACC10834,STOCK,SELL,250.0072694,2025-05-24T10:03:25,SUCCESS
835,ACC10835,BOND,BUY,250.0736297,2025-05-24T10:04:25,PENDING
836,ACC10836,STOCK,BUY,250.13999,2025-05-24T10:00:25,PENDING
837,ACC10837,BOND,SELL,250.2063503,2025-05-24T10:01:25,SUCCESS
838,ACC10838,STOCK,BUY,250.2727106,2025-05-24T10:02:25,PENDING
839,ACC10839,STOCK,SELL,250.3390709,2025-05-24T10:03:25,SUCCESS
840,ACC10840,BOND,BUY,250.4054311,2025-05-24T10:04:25,PENDING
841,ACC10841,STOCK,BUY,250.4717914,2025-05-24T10:00:25,PENDING
842,ACC10842,BOND,SELL,250.5381517,2025-05-24T10:01:25,SUCCESS
843,ACC10843,STOCK,BUY,250.604512,2025-05-24T10:02:25,PENDING
844,ACC10844,STOCK,SELL,250.6708723,2025-05-24T10:03:25,SUCCESS
845,ACC10845,BOND,BUY,250.7372326,2025-05-24T10:04:25,PENDING
846,ACC10846,STOCK,BUY,250.8035929,2025-05-24T10:00:25,PENDING
847,ACC10847,BOND,SELL,250.8699532,2025-05-24T10:01:25,SUCCESS
848,ACC10848,STOCK,BUY,250.9363135,2025-05-24T10:02:25,PENDING
849,ACC10849,STOCK,SELL,251.0026738,2025-05-24T10:03:25,SUCCESS
850,ACC10850,BOND,BUY,251.0690341,2025-05-24T10:04:25,PENDING
851,ACC10851,STOCK,BUY,251.1353944,2025-05-24T10:00:25,PENDING
852,ACC10852,BOND,SELL,251.2017547,2025-05-24T10:01:25,SUCCESS
853,ACC10853,STOCK,BUY,251.268115,2025-05-24T10:02:25,PENDING
854,ACC10854,STOCK,SELL,251.3344753,2025-05-24T10:03:25,SUCCESS
855,ACC10855,BOND,BUY,251.4008356,2025-05-24T10:04:25,PENDING
856,ACC10856,STOCK,BUY,251.4671959,2025-05-24T10:00:25,PENDING
857,ACC10857,BOND,SELL,251.5335561,2025-05-24T10:01:25,SUCCESS
858,ACC10858,STOCK,BUY,251.5999164,2025-05-24T10:02:25,PENDING
859,ACC10859,STOCK,BUY,251.6662767,2025-05-24T10:00:26,PENDING
860,ACC10860,BOND,SELL,251.732637,2025-05-24T10:01:26,SUCCESS
861,ACC10861,STOCK,BUY,251.7989973,2025-05-24T10:02:26,PENDING
862,ACC10862,STOCK,SELL,251.8653576,2025-05-24T10:03:26,SUCCESS
863,ACC10863,BOND,BUY,251.9317179,2025-05-24T10:04:26,PENDING
864,ACC10864,STOCK,BUY,251.9980782,2025-05-24T10:00:26,PENDING
865,ACC10865,BOND,SELL,252.0644385,2025-05-24T10:01:26,SUCCESS
866,ACC10866,STOCK,BUY,252.1307988,2025-05-24T10:02:26,PENDING
867,ACC10867,STOCK,SELL,252.1971591,2025-05-24T10:03:26,SUCCESS
868,ACC10868,BOND,BUY,252.2635194,2025-05-24T10:04:26,PENDING
869,ACC10869,STOCK,BUY,252.3298797,2025-05-24T10:00:26,PENDING
870,ACC10870,BOND,SELL,252.39624,2025-05-24T10:01:26,SUCCESS
871,ACC10871,STOCK,BUY,252.4626003,2025-05-24T10:02:26,PENDING
872,ACC10872,STOCK,SELL,252.5289606,2025-05-24T10:03:26,SUCCESS
873,ACC10873,BOND,BUY,252.5953209,2025-05-24T10:04:26,PENDING
874,ACC10874,STOCK,BUY,252.6616811,2025-05-24T10:00:26,PENDING
875,ACC10875,BOND,SELL,252.7280414,2025-05-24T10:01:26,SUCCESS
876,ACC10876,STOCK,BUY,252.7944017,2025-05-24T10:02:26,PENDING
877,ACC10877,STOCK,SELL,252.860762,2025-05-24T10:03:26,SUCCESS
878,ACC10878,BOND,BUY,252.9271223,2025-05-24T10:04:26,PENDING
879,ACC10879,STOCK,BUY,252.9934826,2025-05-24T10:00:26,PENDING
880,ACC10880,BOND,SELL,253.0598429,2025-05-24T10:01:26,SUCCESS
881,ACC10881,STOCK,BUY,253.1262032,2025-05-24T10:02:26,PENDING
882,ACC10882,STOCK,SELL,253.1925635,2025-05-24T10:03:26,SUCCESS
883,ACC10883,BOND,BUY,253.2589238,2025-05-24T10:04:26,PENDING
884,ACC10884,STOCK,BUY,253.3252841,2025-05-24T10:00:26,PENDING
885,ACC10885,BOND,SELL,253.3916444,2025-05-24T10:01:26,SUCCESS
886,ACC10886,STOCK,BUY,253.4580047,2025-05-24T10:02:26,PENDING
887,ACC10887,STOCK,SELL,253.524365,2025-05-24T10:03:26,SUCCESS
888,ACC10888,BOND,BUY,253.5907253,2025-05-24T10:04:26,PENDING
889,ACC10889,STOCK,BUY,253.6570856,2025-05-24T10:00:26,PENDING
890,ACC10890,BOND,SELL,253.7234459,2025-05-24T10:01:26,SUCCESS
891,ACC10891,STOCK,BUY,253.7898061,2025-05-24T10:02:26,PENDING
892,ACC10892,STOCK,BUY,253.8561664,2025-05-24T10:00:27,PENDING
893,ACC10893,BOND,SELL,253.9225267,2025-05-24T10:01:27,SUCCESS
894,ACC10894,STOCK,BUY,253.988887,2025-05-24T10:02:27,PENDING
895,ACC10895,STOCK,SELL,254.0552473,2025-05-24T10:03:27,SUCCESS
896,ACC10896,BOND,BUY,254.1216076,2025-05-24T10:04:27,PENDING
897,ACC10897,STOCK,BUY,254.1879679,2025-05-24T10:00:27,PENDING
898,ACC10898,BOND,SELL,254.2543282,2025-05-24T10:01:27,SUCCESS
899,ACC10899,STOCK,BUY,254.3206885,2025-05-24T10:02:27,PENDING
900,ACC10900,STOCK,SELL,254.3870488,2025-05-24T10:03:27,SUCCESS
901,ACC10901,BOND,BUY,254.4534091,2025-05-24T10:04:27,PENDING
902,ACC10902,STOCK,BUY,254.5197694,2025-05-24T10:00:27,PENDING
903,ACC10903,BOND,SELL,254.5861297,2025-05-24T10:01:27,SUCCESS
904,ACC10904,STOCK,BUY,254.65249,2025-05-24T10:02:27,PENDING
905,ACC10905,STOCK,SELL,254.7188503,2025-05-24T10:03:27,SUCCESS
906,ACC10906,BOND,BUY,254.7852106,2025-05-24T10:04:27,PENDING
907,ACC10907,STOCK,BUY,254.8515709,2025-05-24T10:00:27,PENDING
908,ACC10908,BOND,SELL,254.9179311,2025-05-24T10:01:27,SUCCESS
909,ACC10909,STOCK,BUY,254.9842914,2025-05-24T10:02:27,PENDING
910,ACC10910,STOCK,SELL,255.0506517,2025-05-24T10:03:27,SUCCESS
911,ACC10911,BOND,BUY,255.117012,2025-05-24T10:04:27,PENDING
912,ACC10912,STOCK,BUY,255.1833723,2025-05-24T10:00:27,PENDING
913,ACC10913,BOND,SELL,255.2497326,2025-05-24T10:01:27,SUCCESS
914,ACC10914,STOCK,BUY,255.3160929,2025-05-24T10:02:27,PENDING
915,ACC10915,STOCK,SELL,255.3824532,2025-05-24T10:03:27,SUCCESS
916,ACC10916,BOND,BUY,255.4488135,2025-05-24T10:04:27,PENDING
917,ACC10917,STOCK,BUY,255.5151738,2025-05-24T10:00:27,PENDING
918,ACC10918,BOND,SELL,255.5815341,2025-05-24T10:01:27,SUCCESS
919,ACC10919,STOCK,BUY,255.6478944,2025-05-24T10:02:27,PENDING
920,ACC10920,STOCK,SELL,255.7142547,2025-05-24T10:03:27,SUCCESS
921,ACC10921,BOND,BUY,255.780615,2025-05-24T10:04:27,PENDING
922,ACC10922,STOCK,BUY,255.8469753,2025-05-24T10:00:27,PENDING
923,ACC10923,BOND,SELL,255.9133356,2025-05-24T10:01:27,SUCCESS
924,ACC10924,STOCK,BUY,255.9796959,2025-05-24T10:02:27,PENDING
925,ACC10925,STOCK,BUY,256.0460561,2025-05-24T10:00:28,PENDING
926,ACC10926,BOND,SELL,256.1124164,2025-05-24T10:01:28,SUCCESS
927,ACC10927,STOCK,BUY,256.1787767,2025-05-24T10:02:28,PENDING
928,ACC10928,STOCK,SELL,256.245137,2025-05-24T10:03:28,SUCCESS
929,ACC10929,BOND,BUY,256.3114973,2025-05-24T10:04:28,PENDING
930,ACC10930,STOCK,BUY,256.3778576,2025-05-24T10:00:28,PENDING
931,ACC10931,BOND,SELL,256.4442179,2025-05-24T10:01:28,SUCCESS
932,ACC10932,STOCK,BUY,256.5105782,2025-05-24T10:02:28,PENDING
933,ACC10933,STOCK,SELL,256.5769385,2025-05-24T10:03:28,SUCCESS
934,ACC10934,BOND,BUY,256.6432988,2025-05-24T10:04:28,PENDING
935,ACC10935,STOCK,BUY,256.7096591,2025-05-24T10:00:28,PENDING
936,ACC10936,BOND,SELL,256.7760194,2025-05-24T10:01:28,SUCCESS
937,ACC10937,STOCK,BUY,256.8423797,2025-05-24T10:02:28,PENDING
938,ACC10938,STOCK,SELL,256.90874,2025-05-24T10:03:28,SUCCESS
939,ACC10939,BOND,BUY,256.9751003,2025-05-24T10:04:28,PENDING
940,ACC10940,STOCK,BUY,257.0414606,2025-05-24T10:00:28,PENDING
941,ACC10941,BOND,SELL,257.1078209,2025-05-24T10:01:28,SUCCESS
942,ACC10942,STOCK,BUY,257.1741811,2025-05-24T10:02:28,PENDING
943,ACC10943,STOCK,SELL,257.2405414,2025-05-24T10:03:28,SUCCESS
944,ACC10944,BOND,BUY,257.3069017,2025-05-24T10:04:28,PENDING
945,ACC10945,STOCK,BUY,257.373262,2025-05-24T10:00:28,PENDING
946,ACC10946,BOND,SELL,257.4396223,2025-05-24T10:01:28,SUCCESS
947,ACC10947,STOCK,BUY,257.5059826,2025-05-24T10:02:28,PENDING
948,ACC10948,STOCK,SELL,257.5723429,2025-05-24T10:03:28,SUCCESS
949,ACC10949,BOND,BUY,257.6387032,2025-05-24T10:04:28,PENDING
950,ACC10950,STOCK,BUY,257.7050635,2025-05-24T10:00:28,PENDING
951,ACC10951,BOND,SELL,257.7714238,2025-05-24T10:01:28,SUCCESS
952,ACC10952,STOCK,BUY,257.8377841,2025-05-24T10:02:28,PENDING
953,ACC10953,STOCK,SELL,257.9041444,2025-05-24T10:03:28,SUCCESS
954,ACC10954,BOND,BUY,257.9705047,2025-05-24T10:04:28,PENDING
955,ACC10955,STOCK,BUY,258.036865,2025-05-24T10:00:28,PENDING
956,ACC10956,BOND,SELL,258.1032253,2025-05-24T10:01:28,SUCCESS
957,ACC10957,STOCK,BUY,258.1695856,2025-05-24T10:02:28,PENDING
958,ACC10958,STOCK,BUY,258.2359459,2025-05-24T10:00:29,PENDING
959,ACC10959,BOND,SELL,258.3023061,2025-05-24T10:01:29,SUCCESS
960,ACC10960,STOCK,BUY,258.3686664,2025-05-24T10:02:29,PENDING
961,ACC10961,STOCK,SELL,258.4350267,2025-05-24T10:03:29,SUCCESS
962,ACC10962,BOND,BUY,258.501387,2025-05-24T10:04:29,PENDING
963,ACC10963,STOCK,BUY,258.5677473,2025-05-24T10:00:29,PENDING
964,ACC10964,BOND,SELL,258.6341076,2025-05-24T10:01:29,SUCCESS
965,ACC10965,STOCK,BUY,258.7004679,2025-05-24T10:02:29,PENDING
966,ACC10966,STOCK,SELL,258.7668282,2025-05-24T10:03:29,SUCCESS
967,ACC10967,BOND,BUY,258.8331885,2025-05-24T10:04:29,PENDING
968,ACC10968,STOCK,BUY,258.8995488,2025-05-24T10:00:29,PENDING
969,ACC10969,BOND,SELL,258.9659091,2025-05-24T10:01:29,SUCCESS
970,ACC10970,STOCK,BUY,259.0322694,2025-05-24T10:02:29,PENDING
971,ACC10971,STOCK,SELL,259.0986297,2025-05-24T10:03:29,SUCCESS
972,ACC10972,BOND,BUY,259.16499,2025-05-24T10:04:29,PENDING
973,ACC10973,STOCK,BUY,259.2313503,2025-05-24T10:00:29,PENDING
974,ACC10974,BOND,SELL,259.2977106,2025-05-24T10:01:29,SUCCESS
975,ACC10975,STOCK,BUY,259.3640709,2025-05-24T10:02:29,PENDING
976,ACC10976,STOCK,SELL,259.4304311,2025-05-24T10:03:29,SUCCESS
977,ACC10977,BOND,BUY,259.4967914,2025-05-24T10:04:29,PENDING
978,ACC10978,STOCK,BUY,259.5631517,2025-05-24T10:00:29,PENDING
979,ACC10979,BOND,SELL,259.629512,2025-05-24T10:01:29,SUCCESS
980,ACC10980,STOCK,BUY,259.6958723,2025-05-24T10:02:29,PENDING
981,ACC10981,STOCK,SELL,259.7622326,2025-05-24T10:03:29,SUCCESS
982,ACC10982,BOND,BUY,259.8285929,2025-05-24T10:04:29,PENDING
983,ACC10983,STOCK,BUY,259.8949532,2025-05-24T10:00:29,PENDING
984,ACC10984,BOND,SELL,259.9613135,2025-05-24T10:01:29,SUCCESS
985,ACC10985,STOCK,BUY,260.0276738,2025-05-24T10:02:29,PENDING
986,ACC10986,STOCK,SELL,260.0940341,2025-05-24T10:03:29,SUCCESS
987,ACC10987,BOND,BUY,260.1603944,2025-05-24T10:04:29,PENDING
988,ACC10988,STOCK,BUY,260.2267547,2025-05-24T10:00:29,PENDING
989,ACC10989,BOND,SELL,260.293115,2025-05-24T10:01:29,SUCCESS
990,ACC10990,STOCK,BUY,260.3594753,2025-05-24T10:02:29,PENDING
991,ACC10991,STOCK,BUY,260.4258356,2025-05-24T10:00:30,PENDING
992,ACC10992,BOND,SELL,260.4921959,2025-05-24T10:01:30,SUCCESS
993,ACC10993,STOCK,BUY,260.5585561,2025-05-24T10:02:30,PENDING
994,ACC10994,STOCK,SELL,260.6249164,2025-05-24T10:03:30,SUCCESS
995,ACC10995,BOND,BUY,260.6912767,2025-05-24T10:04:30,PENDING
996,ACC10996,STOCK,BUY,260.757637,2025-05-24T10:00:30,PENDING
997,ACC10997,BOND,SELL,260.8239973,2025-05-24T10:01:30,SUCCESS
998,ACC10998,STOCK,BUY,260.8903576,2025-05-24T10:02:30,PENDING
999,ACC10999,STOCK,SELL,260.9567179,2025-05-24T10:03:30,SUCCESS
